accuracy,precision,recall,fold
0.825,0.6536312849162011,0.8210526315789474,1
0.855,0.6896551724137931,0.8664259927797834,2
0.863,0.7220543806646526,0.8415492957746479,3
0.854,0.7215568862275449,0.8197278911564626,4
0.775,0.6051948051948052,0.761437908496732,5
