accuracy,precision,recall,fold
0.062,0.07584269662921349,0.07584269662921349,1
0.093,0.054285714285714284,0.054285714285714284,2
0.131,0.09696969696969697,0.09696969696969697,3
0.116,0.05970149253731343,0.05970149253731343,4
0.081,0.033942558746736295,0.033942558746736295,5
