num_nodes,err_n
4,0.19677734375
11,0.087890625
23,0.0535888671875
61,0.024169921875
107,0.00341796875
