num_nodes,err_n
4,0.0810546875
11,0.0716552734375
20,0.0440673828125
50,0.0274658203125
116,0.00341796875
