std,train_error,test_error
0.1,4.905548317172561e+147,4.542459002277036e+145
0.5,8.01207069125795e+153,1.6297091952914525e+157
1,3.783581611932312e+136,6.797816912396114e+141
2,2.731721924986988e+98,1.1826044139953333e+99
5,2.0254451086351526e+131,1.483554821810989e+111
10,7.298755969941772e+113,2.5629770150385292e+132
