std,train_error,test_error
0.1,3.5384934858318812e+146,1.3659777163970792e+143
0.5,4.715174980032935e+137,2.117478056193535e+143
1,5.762186123843923e+116,1.7318184176862496e+144
2,2.8018354344533483e+141,7.069254736963715e+151
5,2.4794766113664784e+109,9.718752518834525e+128
10,1.2520981440297176e+124,3.565093721308783e+124
