std,train_error,test_error
0,1.060062074726414e+136,2.537816464025533e+135
0.1,1.060062074726414e+136,2.537816464025533e+135
0.5,1.5033175207660222e+147,7.048681580377027e+139
1,1.4071204559745938e+132,4.5428922395802676e+70
2,1.9048545409955825e+123,1.0808710849886909e+30
5,1.8837529614661458e+98,9971491364.246532
10,2.385092608367259e+115,148.72147745517023
