std,train_error,test_error
0,376.2279614793204,377.7831195622122
0.1,376.2279614793204,377.7831195622122
0.5,387.82917246843726,374.562319351784
1,317.19950011055346,220.02633254891035
2,323.323304014289,113.74158333421695
5,293.0291002466315,57.178335553956835
10,233.95507645997623,-11.952744178658415
