std,train_error,test_error
0.1,2.8719738043184223e+158,2.2582963956357546e+152
0.5,3.49242918006424e+141,7.74332104367513e+141
1,2.6556338844792845e+134,1.1332007062375429e+132
2,7.026020565560766e+123,1.1928980089490795e+135
5,1.7644613453203649e+112,3.797808898409296e+120
10,5.36281335943131e+126,1.1027328350741907e+114
