std,train_error,test_error
0.1,1.414965806068732e+157,2.829678144686206e+162
0.5,2.961858267522805e+160,2.3534018385234377e+150
1,1.6126642161617117e+142,2.8977430573530096e+134
2,2.5060664863857084e+100,1.707455960732847e+108
5,1.413100899258231e+102,6.699755130392872e+149
10,1.266307510664298e+104,6.951577300962667e+117
