num_nodes,err_n
9,0.0838623046875
23,0.0897216796875
57,0.043701171875
109,0.027587890625
241,0.0028076171875
