num_nodes,err_n
13,0.1502685546875
31,0.082763671875
51,0.0478515625
141,0.025390625
255,0.0025634765625
