n,num_nodes,err_n
32,3,0.203125
128,9,0.1097412109375
512,23,0.0489501953125
2048,48,0.02294921875
8192,114,0.003662109375
