n,num_nodes,err_n
32,7,0.1778564453125
128,21,0.11474609375
512,59,0.0579833984375
2048,101,0.025146484375
8192,229,0.0023193359375
